count,mean,std,min,25%,50%,75%,max,skew
1460.0,56934.08229739649,28390.80224902659,-37282.2,38089.91704998808,56364.09172338006,75805.16865348793,142466.67226791635,0.07384449096958037
