count,mean,std,min,25%,50%,75%,max,skew
1460.0,74.9148873252191,4.903520576340511,59.269776819896634,71.63551479725302,74.94616701124731,78.43026887934175,88.48573791695952,-0.09800053025834464
