count,mean,std,min,25%,50%,75%,max,skew
1460.0,4.589022293317258,0.2773872080683329,3.701539922706264,4.398503213385413,4.59,4.77889439626758,5.604562901747432,0.033006988943272926
