count,mean,std,min,25%,50%,75%,max,skew
1460.0,851945.2395366697,379457.61909006664,-369564.55,599030.1675,838977.7980822041,1108294.3173633323,2103354.9572589705,0.0749736354620532
