count,mean,std,min,25%,50%,75%,max,skew
1460.0,0.7491674178051118,0.051316692152353655,0.5757945840082024,0.7137611625772291,0.7494413282375081,0.7832913086215245,0.90190460258479,-0.03989822296412805
