count,mean,std,min,25%,50%,75%,max,skew
1460.0,19.35628777069718,5.6620534842340255,0.0,15.361378304644187,19.378197583531087,23.090470487340433,38.47,0.05594126331281458
