count,mean,std,min,25%,50%,75%,max,skew
1460.0,5307275.90162255,2227737.2208066205,-1652434.62,3792844.337370023,5283172.287882293,6799471.654075787,12206459.4985135,0.016388591027415238
