count,mean,std,min,25%,50%,75%,max,skew
1460.0,7967.570855131756,1019.6142295404372,4481.738605466964,7276.304170231704,7955.970155988254,8680.564544926494,11092.5346299637,-0.013772690185959325
