count,mean,std,min,25%,50%,75%,max,skew
1460.0,45.0672805783569,5.05395125104018,28.330895155413383,41.88440466337901,45.274359031385686,48.36221591993399,61.48956806799323,-0.08675790629023034
