count,mean,std,min,25%,50%,75%,max,skew
1460.0,1124.277764054657,2356.922570972183,-8480.06,0.0,291.17171959928385,2432.8325422476596,10094.853856637748,0.4435251676375964
