count,mean,std,min,25%,50%,75%,max,skew
1460.0,6917689.392191498,2771939.250418446,-1209618.21,5067888.744948167,6886859.5730650015,8794497.374309773,15903854.266389012,0.02156753771494981
