count,mean,std,min,25%,50%,75%,max,skew
1460.0,38.76305062685664,11.804739808812153,0.0,31.165112696091338,38.34638626771469,46.78489040087309,85.27,-0.026800869933431257
