count,mean,std,min,25%,50%,75%,max,skew
1460.0,19.93948712930002,4.786846347403413,5.590079030426502,16.483219776161818,20.01749141941226,23.142536141704106,35.95276789190716,0.03430374394800451
