count,mean,std,min,25%,50%,75%,max,skew
1460.0,15322.668539641278,5391.868110288404,0.0,11811.79383603897,15250.353697640749,18930.481583352113,31875.049566764028,0.012052552775283021
