count,mean,std,min,25%,50%,75%,max,skew
1460.0,3034523.8583501605,1110894.6787477727,-480331.67,2244055.6438031965,3054962.1194612766,3805927.5295033334,6594888.65,-0.08826864868479327
