count,mean,std,min,25%,50%,75%,max,skew
1460.0,99.00234706809029,0.503279483297574,97.52128513140316,98.67404228231358,98.99609744458621,99.33208950687107,100.78934574277196,-0.005425651902312956
